event_index,time,event,pile_id,slot,slot_type,car_id,queue_number,mode,status,requested_amount,charged_amount,current_fee,wait_time,location,submit_time
1,06:00:00,"(A,V1,T,40)",F1,1,charging,,,,EMPTY,,,,,,
1,06:00:00,"(A,V1,T,40)",F1,2,waiting_1,,,,EMPTY,,,,,,
1,06:00:00,"(A,V1,T,40)",F1,3,waiting_2,,,,EMPTY,,,,,,
1,06:00:00,"(A,V1,T,40)",F2,1,charging,,,,EMPTY,,,,,,
1,06:00:00,"(A,V1,T,40)",F2,2,waiting_1,,,,EMPTY,,,,,,
1,06:00:00,"(A,V1,T,40)",F2,3,waiting_2,,,,EMPTY,,,,,,
1,06:00:00,"(A,V1,T,40)",T1,1,charging,V1,T1,T,CHARGING,40.0,0.0,0.0,0分00秒,pile,06:00:00
1,06:00:00,"(A,V1,T,40)",T1,2,waiting_1,,,,EMPTY,,,,,,
1,06:00:00,"(A,V1,T,40)",T1,3,waiting_2,,,,EMPTY,,,,,,
1,06:00:00,"(A,V1,T,40)",T2,1,charging,,,,EMPTY,,,,,,
1,06:00:00,"(A,V1,T,40)",T2,2,waiting_1,,,,EMPTY,,,,,,
1,06:00:00,"(A,V1,T,40)",T2,3,waiting_2,,,,EMPTY,,,,,,
1,06:00:00,"(A,V1,T,40)",T3,1,charging,,,,EMPTY,,,,,,
1,06:00:00,"(A,V1,T,40)",T3,2,waiting_1,,,,EMPTY,,,,,,
1,06:00:00,"(A,V1,T,40)",T3,3,waiting_2,,,,EMPTY,,,,,,
2,06:05:00,"(A,V2,T,30)",F1,1,charging,,,,EMPTY,,,,,,
2,06:05:00,"(A,V2,T,30)",F1,2,waiting_1,,,,EMPTY,,,,,,
2,06:05:00,"(A,V2,T,30)",F1,3,waiting_2,,,,EMPTY,,,,,,
2,06:05:00,"(A,V2,T,30)",F2,1,charging,,,,EMPTY,,,,,,
2,06:05:00,"(A,V2,T,30)",F2,2,waiting_1,,,,EMPTY,,,,,,
2,06:05:00,"(A,V2,T,30)",F2,3,waiting_2,,,,EMPTY,,,,,,
2,06:05:00,"(A,V2,T,30)",T1,1,charging,V1,T1,T,CHARGING,40.0,0.83,1.0,5分00秒,pile,06:00:00
2,06:05:00,"(A,V2,T,30)",T1,2,waiting_1,,,,EMPTY,,,,,,
2,06:05:00,"(A,V2,T,30)",T1,3,waiting_2,,,,EMPTY,,,,,,
2,06:05:00,"(A,V2,T,30)",T2,1,charging,V2,T2,T,CHARGING,30.0,0.0,0.0,0分00秒,pile,06:05:00
2,06:05:00,"(A,V2,T,30)",T2,2,waiting_1,,,,EMPTY,,,,,,
2,06:05:00,"(A,V2,T,30)",T2,3,waiting_2,,,,EMPTY,,,,,,
2,06:05:00,"(A,V2,T,30)",T3,1,charging,,,,EMPTY,,,,,,
2,06:05:00,"(A,V2,T,30)",T3,2,waiting_1,,,,EMPTY,,,,,,
2,06:05:00,"(A,V2,T,30)",T3,3,waiting_2,,,,EMPTY,,,,,,
3,06:10:00,"(A,V3,F,100)",F1,1,charging,V3,F1,F,CHARGING,100.0,0.0,0.0,0分00秒,pile,06:10:00
3,06:10:00,"(A,V3,F,100)",F1,2,waiting_1,,,,EMPTY,,,,,,
3,06:10:00,"(A,V3,F,100)",F1,3,waiting_2,,,,EMPTY,,,,,,
3,06:10:00,"(A,V3,F,100)",F2,1,charging,,,,EMPTY,,,,,,
3,06:10:00,"(A,V3,F,100)",F2,2,waiting_1,,,,EMPTY,,,,,,
3,06:10:00,"(A,V3,F,100)",F2,3,waiting_2,,,,EMPTY,,,,,,
3,06:10:00,"(A,V3,F,100)",T1,1,charging,V1,T1,T,CHARGING,40.0,1.67,2.0,10分00秒,pile,06:00:00
3,06:10:00,"(A,V3,F,100)",T1,2,waiting_1,,,,EMPTY,,,,,,
3,06:10:00,"(A,V3,F,100)",T1,3,waiting_2,,,,EMPTY,,,,,,
3,06:10:00,"(A,V3,F,100)",T2,1,charging,V2,T2,T,CHARGING,30.0,0.83,1.0,5分00秒,pile,06:05:00
3,06:10:00,"(A,V3,F,100)",T2,2,waiting_1,,,,EMPTY,,,,,,
3,06:10:00,"(A,V3,F,100)",T2,3,waiting_2,,,,EMPTY,,,,,,
3,06:10:00,"(A,V3,F,100)",T3,1,charging,,,,EMPTY,,,,,,
3,06:10:00,"(A,V3,F,100)",T3,2,waiting_1,,,,EMPTY,,,,,,
3,06:10:00,"(A,V3,F,100)",T3,3,waiting_2,,,,EMPTY,,,,,,
4,06:15:00,"(A,V4,F,120)",F1,1,charging,V3,F1,F,CHARGING,100.0,2.5,3.0,5分00秒,pile,06:10:00
4,06:15:00,"(A,V4,F,120)",F1,2,waiting_1,,,,EMPTY,,,,,,
4,06:15:00,"(A,V4,F,120)",F1,3,waiting_2,,,,EMPTY,,,,,,
4,06:15:00,"(A,V4,F,120)",F2,1,charging,V4,F2,F,CHARGING,120.0,0.0,0.0,0分00秒,pile,06:15:00
4,06:15:00,"(A,V4,F,120)",F2,2,waiting_1,,,,EMPTY,,,,,,
4,06:15:00,"(A,V4,F,120)",F2,3,waiting_2,,,,EMPTY,,,,,,
4,06:15:00,"(A,V4,F,120)",T1,1,charging,V1,T1,T,CHARGING,40.0,2.5,3.0,15分00秒,pile,06:00:00
4,06:15:00,"(A,V4,F,120)",T1,2,waiting_1,,,,EMPTY,,,,,,
4,06:15:00,"(A,V4,F,120)",T1,3,waiting_2,,,,EMPTY,,,,,,
4,06:15:00,"(A,V4,F,120)",T2,1,charging,V2,T2,T,CHARGING,30.0,1.67,2.0,10分00秒,pile,06:05:00
4,06:15:00,"(A,V4,F,120)",T2,2,waiting_1,,,,EMPTY,,,,,,
4,06:15:00,"(A,V4,F,120)",T2,3,waiting_2,,,,EMPTY,,,,,,
4,06:15:00,"(A,V4,F,120)",T3,1,charging,,,,EMPTY,,,,,,
4,06:15:00,"(A,V4,F,120)",T3,2,waiting_1,,,,EMPTY,,,,,,
4,06:15:00,"(A,V4,F,120)",T3,3,waiting_2,,,,EMPTY,,,,,,
5,06:20:00,"(A,V2,O,0)",F1,1,charging,V3,F1,F,CHARGING,100.0,5.0,6.0,10分00秒,pile,06:10:00
5,06:20:00,"(A,V2,O,0)",F1,2,waiting_1,,,,EMPTY,,,,,,
5,06:20:00,"(A,V2,O,0)",F1,3,waiting_2,,,,EMPTY,,,,,,
5,06:20:00,"(A,V2,O,0)",F2,1,charging,V4,F2,F,CHARGING,120.0,2.5,3.0,5分00秒,pile,06:15:00
5,06:20:00,"(A,V2,O,0)",F2,2,waiting_1,,,,EMPTY,,,,,,
5,06:20:00,"(A,V2,O,0)",F2,3,waiting_2,,,,EMPTY,,,,,,
5,06:20:00,"(A,V2,O,0)",T1,1,charging,V1,T1,T,CHARGING,40.0,3.33,4.0,20分00秒,pile,06:00:00
5,06:20:00,"(A,V2,O,0)",T1,2,waiting_1,,,,EMPTY,,,,,,
5,06:20:00,"(A,V2,O,0)",T1,3,waiting_2,,,,EMPTY,,,,,,
5,06:20:00,"(A,V2,O,0)",T2,1,charging,,,,EMPTY,,,,,,
5,06:20:00,"(A,V2,O,0)",T2,2,waiting_1,,,,EMPTY,,,,,,
5,06:20:00,"(A,V2,O,0)",T2,3,waiting_2,,,,EMPTY,,,,,,
5,06:20:00,"(A,V2,O,0)",T3,1,charging,,,,EMPTY,,,,,,
5,06:20:00,"(A,V2,O,0)",T3,2,waiting_1,,,,EMPTY,,,,,,
5,06:20:00,"(A,V2,O,0)",T3,3,waiting_2,,,,EMPTY,,,,,,
6,06:25:00,"(A,V5,T,20)",F1,1,charging,V3,F1,F,CHARGING,100.0,7.5,9.0,15分00秒,pile,06:10:00
6,06:25:00,"(A,V5,T,20)",F1,2,waiting_1,,,,EMPTY,,,,,,
6,06:25:00,"(A,V5,T,20)",F1,3,waiting_2,,,,EMPTY,,,,,,
6,06:25:00,"(A,V5,T,20)",F2,1,charging,V4,F2,F,CHARGING,120.0,5.0,6.0,10分00秒,pile,06:15:00
6,06:25:00,"(A,V5,T,20)",F2,2,waiting_1,,,,EMPTY,,,,,,
6,06:25:00,"(A,V5,T,20)",F2,3,waiting_2,,,,EMPTY,,,,,,
6,06:25:00,"(A,V5,T,20)",T1,1,charging,V1,T1,T,CHARGING,40.0,4.17,5.0,25分00秒,pile,06:00:00
6,06:25:00,"(A,V5,T,20)",T1,2,waiting_1,,,,EMPTY,,,,,,
6,06:25:00,"(A,V5,T,20)",T1,3,waiting_2,,,,EMPTY,,,,,,
6,06:25:00,"(A,V5,T,20)",T2,1,charging,V5,T3,T,CHARGING,20.0,0.0,0.0,0分00秒,pile,06:25:00
6,06:25:00,"(A,V5,T,20)",T2,2,waiting_1,,,,EMPTY,,,,,,
6,06:25:00,"(A,V5,T,20)",T2,3,waiting_2,,,,EMPTY,,,,,,
6,06:25:00,"(A,V5,T,20)",T3,1,charging,,,,EMPTY,,,,,,
6,06:25:00,"(A,V5,T,20)",T3,2,waiting_1,,,,EMPTY,,,,,,
6,06:25:00,"(A,V5,T,20)",T3,3,waiting_2,,,,EMPTY,,,,,,
7,06:30:00,"(A,V6,T,20)",F1,1,charging,V3,F1,F,CHARGING,100.0,10.0,12.0,20分00秒,pile,06:10:00
7,06:30:00,"(A,V6,T,20)",F1,2,waiting_1,,,,EMPTY,,,,,,
7,06:30:00,"(A,V6,T,20)",F1,3,waiting_2,,,,EMPTY,,,,,,
7,06:30:00,"(A,V6,T,20)",F2,1,charging,V4,F2,F,CHARGING,120.0,7.5,9.0,15分00秒,pile,06:15:00
7,06:30:00,"(A,V6,T,20)",F2,2,waiting_1,,,,EMPTY,,,,,,
7,06:30:00,"(A,V6,T,20)",F2,3,waiting_2,,,,EMPTY,,,,,,
7,06:30:00,"(A,V6,T,20)",T1,1,charging,V1,T1,T,CHARGING,40.0,5.0,6.0,30分00秒,pile,06:00:00
7,06:30:00,"(A,V6,T,20)",T1,2,waiting_1,,,,EMPTY,,,,,,
7,06:30:00,"(A,V6,T,20)",T1,3,waiting_2,,,,EMPTY,,,,,,
7,06:30:00,"(A,V6,T,20)",T2,1,charging,V5,T3,T,CHARGING,20.0,0.83,1.0,5分00秒,pile,06:25:00
7,06:30:00,"(A,V6,T,20)",T2,2,waiting_1,,,,EMPTY,,,,,,
7,06:30:00,"(A,V6,T,20)",T2,3,waiting_2,,,,EMPTY,,,,,,
7,06:30:00,"(A,V6,T,20)",T3,1,charging,V6,T4,T,CHARGING,20.0,0.0,0.0,0分00秒,pile,06:30:00
7,06:30:00,"(A,V6,T,20)",T3,2,waiting_1,,,,EMPTY,,,,,,
7,06:30:00,"(A,V6,T,20)",T3,3,waiting_2,,,,EMPTY,,,,,,
8,06:35:00,"(A,V7,F,110)",F1,1,charging,V3,F1,F,CHARGING,100.0,12.5,15.0,25分00秒,pile,06:10:00
8,06:35:00,"(A,V7,F,110)",F1,2,waiting_1,V7,F3,F,QUEUING,110.0,0.0,,0分00秒,pile,06:35:00
8,06:35:00,"(A,V7,F,110)",F1,3,waiting_2,,,,EMPTY,,,,,,
8,06:35:00,"(A,V7,F,110)",F2,1,charging,V4,F2,F,CHARGING,120.0,10.0,12.0,20分00秒,pile,06:15:00
8,06:35:00,"(A,V7,F,110)",F2,2,waiting_1,,,,EMPTY,,,,,,
8,06:35:00,"(A,V7,F,110)",F2,3,waiting_2,,,,EMPTY,,,,,,
8,06:35:00,"(A,V7,F,110)",T1,1,charging,V1,T1,T,CHARGING,40.0,5.83,7.0,35分00秒,pile,06:00:00
8,06:35:00,"(A,V7,F,110)",T1,2,waiting_1,,,,EMPTY,,,,,,
8,06:35:00,"(A,V7,F,110)",T1,3,waiting_2,,,,EMPTY,,,,,,
8,06:35:00,"(A,V7,F,110)",T2,1,charging,V5,T3,T,CHARGING,20.0,1.67,2.0,10分00秒,pile,06:25:00
8,06:35:00,"(A,V7,F,110)",T2,2,waiting_1,,,,EMPTY,,,,,,
8,06:35:00,"(A,V7,F,110)",T2,3,waiting_2,,,,EMPTY,,,,,,
8,06:35:00,"(A,V7,F,110)",T3,1,charging,V6,T4,T,CHARGING,20.0,0.83,1.0,5分00秒,pile,06:30:00
8,06:35:00,"(A,V7,F,110)",T3,2,waiting_1,,,,EMPTY,,,,,,
8,06:35:00,"(A,V7,F,110)",T3,3,waiting_2,,,,EMPTY,,,,,,
9,06:40:00,"(A,V8,T,20)",F1,1,charging,V3,F1,F,CHARGING,100.0,15.0,18.0,30分00秒,pile,06:10:00
9,06:40:00,"(A,V8,T,20)",F1,2,waiting_1,V7,F3,F,QUEUING,110.0,0.0,,5分00秒,pile,06:35:00
9,06:40:00,"(A,V8,T,20)",F1,3,waiting_2,,,,EMPTY,,,,,,
9,06:40:00,"(A,V8,T,20)",F2,1,charging,V4,F2,F,CHARGING,120.0,12.5,15.0,25分00秒,pile,06:15:00
9,06:40:00,"(A,V8,T,20)",F2,2,waiting_1,,,,EMPTY,,,,,,
9,06:40:00,"(A,V8,T,20)",F2,3,waiting_2,,,,EMPTY,,,,,,
9,06:40:00,"(A,V8,T,20)",T1,1,charging,V1,T1,T,CHARGING,40.0,6.67,8.0,40分00秒,pile,06:00:00
9,06:40:00,"(A,V8,T,20)",T1,2,waiting_1,,,,EMPTY,,,,,,
9,06:40:00,"(A,V8,T,20)",T1,3,waiting_2,,,,EMPTY,,,,,,
9,06:40:00,"(A,V8,T,20)",T2,1,charging,V5,T3,T,CHARGING,20.0,2.5,3.0,15分00秒,pile,06:25:00
9,06:40:00,"(A,V8,T,20)",T2,2,waiting_1,V8,T5,T,QUEUING,20.0,0.0,,0分00秒,pile,06:40:00
9,06:40:00,"(A,V8,T,20)",T2,3,waiting_2,,,,EMPTY,,,,,,
9,06:40:00,"(A,V8,T,20)",T3,1,charging,V6,T4,T,CHARGING,20.0,1.67,2.0,10分00秒,pile,06:30:00
9,06:40:00,"(A,V8,T,20)",T3,2,waiting_1,,,,EMPTY,,,,,,
9,06:40:00,"(A,V8,T,20)",T3,3,waiting_2,,,,EMPTY,,,,,,
10,06:45:00,"(A,V9,F,105)",F1,1,charging,V3,F1,F,CHARGING,100.0,17.5,21.0,35分00秒,pile,06:10:00
10,06:45:00,"(A,V9,F,105)",F1,2,waiting_1,V7,F3,F,QUEUING,110.0,0.0,,10分00秒,pile,06:35:00
10,06:45:00,"(A,V9,F,105)",F1,3,waiting_2,,,,EMPTY,,,,,,
10,06:45:00,"(A,V9,F,105)",F2,1,charging,V4,F2,F,CHARGING,120.0,15.0,18.0,30分00秒,pile,06:15:00
10,06:45:00,"(A,V9,F,105)",F2,2,waiting_1,V9,F4,F,QUEUING,105.0,0.0,,0分00秒,pile,06:45:00
10,06:45:00,"(A,V9,F,105)",F2,3,waiting_2,,,,EMPTY,,,,,,
10,06:45:00,"(A,V9,F,105)",T1,1,charging,V1,T1,T,CHARGING,40.0,7.5,9.0,45分00秒,pile,06:00:00
10,06:45:00,"(A,V9,F,105)",T1,2,waiting_1,,,,EMPTY,,,,,,
10,06:45:00,"(A,V9,F,105)",T1,3,waiting_2,,,,EMPTY,,,,,,
10,06:45:00,"(A,V9,F,105)",T2,1,charging,V5,T3,T,CHARGING,20.0,3.33,4.0,20分00秒,pile,06:25:00
10,06:45:00,"(A,V9,F,105)",T2,2,waiting_1,V8,T5,T,QUEUING,20.0,0.0,,5分00秒,pile,06:40:00
10,06:45:00,"(A,V9,F,105)",T2,3,waiting_2,,,,EMPTY,,,,,,
10,06:45:00,"(A,V9,F,105)",T3,1,charging,V6,T4,T,CHARGING,20.0,2.5,3.0,15分00秒,pile,06:30:00
10,06:45:00,"(A,V9,F,105)",T3,2,waiting_1,,,,EMPTY,,,,,,
10,06:45:00,"(A,V9,F,105)",T3,3,waiting_2,,,,EMPTY,,,,,,
11,06:50:00,"(A,V10,T,10)",F1,1,charging,V3,F1,F,CHARGING,100.0,20.0,24.0,40分00秒,pile,06:10:00
11,06:50:00,"(A,V10,T,10)",F1,2,waiting_1,V7,F3,F,QUEUING,110.0,0.0,,15分00秒,pile,06:35:00
11,06:50:00,"(A,V10,T,10)",F1,3,waiting_2,,,,EMPTY,,,,,,
11,06:50:00,"(A,V10,T,10)",F2,1,charging,V4,F2,F,CHARGING,120.0,17.5,21.0,35分00秒,pile,06:15:00
11,06:50:00,"(A,V10,T,10)",F2,2,waiting_1,V9,F4,F,QUEUING,105.0,0.0,,5分00秒,pile,06:45:00
11,06:50:00,"(A,V10,T,10)",F2,3,waiting_2,,,,EMPTY,,,,,,
11,06:50:00,"(A,V10,T,10)",T1,1,charging,V1,T1,T,CHARGING,40.0,8.33,10.0,50分00秒,pile,06:00:00
11,06:50:00,"(A,V10,T,10)",T1,2,waiting_1,,,,EMPTY,,,,,,
11,06:50:00,"(A,V10,T,10)",T1,3,waiting_2,,,,EMPTY,,,,,,
11,06:50:00,"(A,V10,T,10)",T2,1,charging,V5,T3,T,CHARGING,20.0,4.17,5.0,25分00秒,pile,06:25:00
11,06:50:00,"(A,V10,T,10)",T2,2,waiting_1,V8,T5,T,QUEUING,20.0,0.0,,10分00秒,pile,06:40:00
11,06:50:00,"(A,V10,T,10)",T2,3,waiting_2,,,,EMPTY,,,,,,
11,06:50:00,"(A,V10,T,10)",T3,1,charging,V6,T4,T,CHARGING,20.0,3.33,4.0,20分00秒,pile,06:30:00
11,06:50:00,"(A,V10,T,10)",T3,2,waiting_1,V10,T6,T,QUEUING,10.0,0.0,,0分00秒,pile,06:50:00
11,06:50:00,"(A,V10,T,10)",T3,3,waiting_2,,,,EMPTY,,,,,,
12,06:55:00,"(A,V11,F,110)",F1,1,charging,V3,F1,F,CHARGING,100.0,22.5,27.0,45分00秒,pile,06:10:00
12,06:55:00,"(A,V11,F,110)",F1,2,waiting_1,V7,F3,F,QUEUING,110.0,0.0,,20分00秒,pile,06:35:00
12,06:55:00,"(A,V11,F,110)",F1,3,waiting_2,V11,F5,F,QUEUING,110.0,0.0,,0分00秒,pile,06:55:00
12,06:55:00,"(A,V11,F,110)",F2,1,charging,V4,F2,F,CHARGING,120.0,20.0,24.0,40分00秒,pile,06:15:00
12,06:55:00,"(A,V11,F,110)",F2,2,waiting_1,V9,F4,F,QUEUING,105.0,0.0,,10分00秒,pile,06:45:00
12,06:55:00,"(A,V11,F,110)",F2,3,waiting_2,,,,EMPTY,,,,,,
12,06:55:00,"(A,V11,F,110)",T1,1,charging,V1,T1,T,CHARGING,40.0,9.17,11.0,55分00秒,pile,06:00:00
12,06:55:00,"(A,V11,F,110)",T1,2,waiting_1,,,,EMPTY,,,,,,
12,06:55:00,"(A,V11,F,110)",T1,3,waiting_2,,,,EMPTY,,,,,,
12,06:55:00,"(A,V11,F,110)",T2,1,charging,V5,T3,T,CHARGING,20.0,5.0,6.0,30分00秒,pile,06:25:00
12,06:55:00,"(A,V11,F,110)",T2,2,waiting_1,V8,T5,T,QUEUING,20.0,0.0,,15分00秒,pile,06:40:00
12,06:55:00,"(A,V11,F,110)",T2,3,waiting_2,,,,EMPTY,,,,,,
12,06:55:00,"(A,V11,F,110)",T3,1,charging,V6,T4,T,CHARGING,20.0,4.17,5.0,25分00秒,pile,06:30:00
12,06:55:00,"(A,V11,F,110)",T3,2,waiting_1,V10,T6,T,QUEUING,10.0,0.0,,5分00秒,pile,06:50:00
12,06:55:00,"(A,V11,F,110)",T3,3,waiting_2,,,,EMPTY,,,,,,
13,07:00:00,"(A,V12,F,90)",F1,1,charging,V3,F1,F,CHARGING,100.0,25.0,30.0,50分00秒,pile,06:10:00
13,07:00:00,"(A,V12,F,90)",F1,2,waiting_1,V7,F3,F,QUEUING,110.0,0.0,,25分00秒,pile,06:35:00
13,07:00:00,"(A,V12,F,90)",F1,3,waiting_2,V11,F5,F,QUEUING,110.0,0.0,,5分00秒,pile,06:55:00
13,07:00:00,"(A,V12,F,90)",F2,1,charging,V4,F2,F,CHARGING,120.0,22.5,27.0,45分00秒,pile,06:15:00
13,07:00:00,"(A,V12,F,90)",F2,2,waiting_1,V9,F4,F,QUEUING,105.0,0.0,,15分00秒,pile,06:45:00
13,07:00:00,"(A,V12,F,90)",F2,3,waiting_2,V12,F6,F,QUEUING,90.0,0.0,,0分00秒,pile,07:00:00
13,07:00:00,"(A,V12,F,90)",T1,1,charging,V1,T1,T,CHARGING,40.0,10.0,12.0,60分00秒,pile,06:00:00
13,07:00:00,"(A,V12,F,90)",T1,2,waiting_1,,,,EMPTY,,,,,,
13,07:00:00,"(A,V12,F,90)",T1,3,waiting_2,,,,EMPTY,,,,,,
13,07:00:00,"(A,V12,F,90)",T2,1,charging,V5,T3,T,CHARGING,20.0,5.83,7.0,35分00秒,pile,06:25:00
13,07:00:00,"(A,V12,F,90)",T2,2,waiting_1,V8,T5,T,QUEUING,20.0,0.0,,20分00秒,pile,06:40:00
13,07:00:00,"(A,V12,F,90)",T2,3,waiting_2,,,,EMPTY,,,,,,
13,07:00:00,"(A,V12,F,90)",T3,1,charging,V6,T4,T,CHARGING,20.0,5.0,6.0,30分00秒,pile,06:30:00
13,07:00:00,"(A,V12,F,90)",T3,2,waiting_1,V10,T6,T,QUEUING,10.0,0.0,,10分00秒,pile,06:50:00
13,07:00:00,"(A,V12,F,90)",T3,3,waiting_2,,,,EMPTY,,,,,,
14,07:05:00,"(A,V13,F,110)",F1,1,charging,V3,F1,F,CHARGING,100.0,27.5,33.75,55分00秒,pile,06:10:00
14,07:05:00,"(A,V13,F,110)",F1,2,waiting_1,V7,F3,F,QUEUING,110.0,0.0,,30分00秒,pile,06:35:00
14,07:05:00,"(A,V13,F,110)",F1,3,waiting_2,V11,F5,F,QUEUING,110.0,0.0,,10分00秒,pile,06:55:00
14,07:05:00,"(A,V13,F,110)",F2,1,charging,V4,F2,F,CHARGING,120.0,25.0,30.75,50分00秒,pile,06:15:00
14,07:05:00,"(A,V13,F,110)",F2,2,waiting_1,V9,F4,F,QUEUING,105.0,0.0,,20分00秒,pile,06:45:00
14,07:05:00,"(A,V13,F,110)",F2,3,waiting_2,V12,F6,F,QUEUING,90.0,0.0,,5分00秒,pile,07:00:00
14,07:05:00,"(A,V13,F,110)",T1,1,charging,V1,T1,T,CHARGING,40.0,10.83,13.25,65分00秒,pile,06:00:00
14,07:05:00,"(A,V13,F,110)",T1,2,waiting_1,,,,EMPTY,,,,,,
14,07:05:00,"(A,V13,F,110)",T1,3,waiting_2,,,,EMPTY,,,,,,
14,07:05:00,"(A,V13,F,110)",T2,1,charging,V5,T3,T,CHARGING,20.0,6.67,8.25,40分00秒,pile,06:25:00
14,07:05:00,"(A,V13,F,110)",T2,2,waiting_1,V8,T5,T,QUEUING,20.0,0.0,,25分00秒,pile,06:40:00
14,07:05:00,"(A,V13,F,110)",T2,3,waiting_2,,,,EMPTY,,,,,,
14,07:05:00,"(A,V13,F,110)",T3,1,charging,V6,T4,T,CHARGING,20.0,5.83,7.25,35分00秒,pile,06:30:00
14,07:05:00,"(A,V13,F,110)",T3,2,waiting_1,V10,T6,T,QUEUING,10.0,0.0,,15分00秒,pile,06:50:00
14,07:05:00,"(A,V13,F,110)",T3,3,waiting_2,,,,EMPTY,,,,,,
15,07:10:00,"(A,V14,F,95)",F1,1,charging,V3,F1,F,CHARGING,100.0,30.0,37.5,60分00秒,pile,06:10:00
15,07:10:00,"(A,V14,F,95)",F1,2,waiting_1,V7,F3,F,QUEUING,110.0,0.0,,35分00秒,pile,06:35:00
15,07:10:00,"(A,V14,F,95)",F1,3,waiting_2,V11,F5,F,QUEUING,110.0,0.0,,15分00秒,pile,06:55:00
15,07:10:00,"(A,V14,F,95)",F2,1,charging,V4,F2,F,CHARGING,120.0,27.5,34.5,55分00秒,pile,06:15:00
15,07:10:00,"(A,V14,F,95)",F2,2,waiting_1,V9,F4,F,QUEUING,105.0,0.0,,25分00秒,pile,06:45:00
15,07:10:00,"(A,V14,F,95)",F2,3,waiting_2,V12,F6,F,QUEUING,90.0,0.0,,10分00秒,pile,07:00:00
15,07:10:00,"(A,V14,F,95)",T1,1,charging,V1,T1,T,CHARGING,40.0,11.67,14.5,70分00秒,pile,06:00:00
15,07:10:00,"(A,V14,F,95)",T1,2,waiting_1,,,,EMPTY,,,,,,
15,07:10:00,"(A,V14,F,95)",T1,3,waiting_2,,,,EMPTY,,,,,,
15,07:10:00,"(A,V14,F,95)",T2,1,charging,V5,T3,T,CHARGING,20.0,7.5,9.5,45分00秒,pile,06:25:00
15,07:10:00,"(A,V14,F,95)",T2,2,waiting_1,V8,T5,T,QUEUING,20.0,0.0,,30分00秒,pile,06:40:00
15,07:10:00,"(A,V14,F,95)",T2,3,waiting_2,,,,EMPTY,,,,,,
15,07:10:00,"(A,V14,F,95)",T3,1,charging,V6,T4,T,CHARGING,20.0,6.67,8.5,40分00秒,pile,06:30:00
15,07:10:00,"(A,V14,F,95)",T3,2,waiting_1,V10,T6,T,QUEUING,10.0,0.0,,20分00秒,pile,06:50:00
15,07:10:00,"(A,V14,F,95)",T3,3,waiting_2,,,,EMPTY,,,,,,
16,07:15:00,"(A,V15,T,10)",F1,1,charging,V3,F1,F,CHARGING,100.0,32.5,41.25,65分00秒,pile,06:10:00
16,07:15:00,"(A,V15,T,10)",F1,2,waiting_1,V7,F3,F,QUEUING,110.0,0.0,,40分00秒,pile,06:35:00
16,07:15:00,"(A,V15,T,10)",F1,3,waiting_2,V11,F5,F,QUEUING,110.0,0.0,,20分00秒,pile,06:55:00
16,07:15:00,"(A,V15,T,10)",F2,1,charging,V4,F2,F,CHARGING,120.0,30.0,38.25,60分00秒,pile,06:15:00
16,07:15:00,"(A,V15,T,10)",F2,2,waiting_1,V9,F4,F,QUEUING,105.0,0.0,,30分00秒,pile,06:45:00
16,07:15:00,"(A,V15,T,10)",F2,3,waiting_2,V12,F6,F,QUEUING,90.0,0.0,,15分00秒,pile,07:00:00
16,07:15:00,"(A,V15,T,10)",T1,1,charging,V1,T1,T,CHARGING,40.0,12.5,15.75,75分00秒,pile,06:00:00
16,07:15:00,"(A,V15,T,10)",T1,2,waiting_1,,,,EMPTY,,,,,,
16,07:15:00,"(A,V15,T,10)",T1,3,waiting_2,,,,EMPTY,,,,,,
16,07:15:00,"(A,V15,T,10)",T2,1,charging,V5,T3,T,CHARGING,20.0,8.33,10.75,50分00秒,pile,06:25:00
16,07:15:00,"(A,V15,T,10)",T2,2,waiting_1,V8,T5,T,QUEUING,20.0,0.0,,35分00秒,pile,06:40:00
16,07:15:00,"(A,V15,T,10)",T2,3,waiting_2,,,,EMPTY,,,,,,
16,07:15:00,"(A,V15,T,10)",T3,1,charging,V6,T4,T,CHARGING,20.0,7.5,9.75,45分00秒,pile,06:30:00
16,07:15:00,"(A,V15,T,10)",T3,2,waiting_1,V10,T6,T,QUEUING,10.0,0.0,,25分00秒,pile,06:50:00
16,07:15:00,"(A,V15,T,10)",T3,3,waiting_2,V15,T7,T,QUEUING,10.0,0.0,,0分00秒,pile,07:15:00
17,07:20:00,"(A,V16,F,60)",F1,1,charging,V3,F1,F,CHARGING,100.0,35.0,45.0,70分00秒,pile,06:10:00
17,07:20:00,"(A,V16,F,60)",F1,2,waiting_1,V7,F3,F,QUEUING,110.0,0.0,,45分00秒,pile,06:35:00
17,07:20:00,"(A,V16,F,60)",F1,3,waiting_2,V11,F5,F,QUEUING,110.0,0.0,,25分00秒,pile,06:55:00
17,07:20:00,"(A,V16,F,60)",F2,1,charging,V4,F2,F,CHARGING,120.0,32.5,42.0,65分00秒,pile,06:15:00
17,07:20:00,"(A,V16,F,60)",F2,2,waiting_1,V9,F4,F,QUEUING,105.0,0.0,,35分00秒,pile,06:45:00
17,07:20:00,"(A,V16,F,60)",F2,3,waiting_2,V12,F6,F,QUEUING,90.0,0.0,,20分00秒,pile,07:00:00
17,07:20:00,"(A,V16,F,60)",T1,1,charging,V1,T1,T,CHARGING,40.0,13.33,17.0,80分00秒,pile,06:00:00
17,07:20:00,"(A,V16,F,60)",T1,2,waiting_1,,,,EMPTY,,,,,,
17,07:20:00,"(A,V16,F,60)",T1,3,waiting_2,,,,EMPTY,,,,,,
17,07:20:00,"(A,V16,F,60)",T2,1,charging,V5,T3,T,CHARGING,20.0,9.17,12.0,55分00秒,pile,06:25:00
17,07:20:00,"(A,V16,F,60)",T2,2,waiting_1,V8,T5,T,QUEUING,20.0,0.0,,40分00秒,pile,06:40:00
17,07:20:00,"(A,V16,F,60)",T2,3,waiting_2,,,,EMPTY,,,,,,
17,07:20:00,"(A,V16,F,60)",T3,1,charging,V6,T4,T,CHARGING,20.0,8.33,11.0,50分00秒,pile,06:30:00
17,07:20:00,"(A,V16,F,60)",T3,2,waiting_1,V10,T6,T,QUEUING,10.0,0.0,,30分00秒,pile,06:50:00
17,07:20:00,"(A,V16,F,60)",T3,3,waiting_2,V15,T7,T,QUEUING,10.0,0.0,,5分00秒,pile,07:15:00
18,07:25:00,"(A,V17,T,10)",F1,1,charging,V3,F1,F,CHARGING,100.0,37.5,48.75,75分00秒,pile,06:10:00
18,07:25:00,"(A,V17,T,10)",F1,2,waiting_1,V7,F3,F,QUEUING,110.0,0.0,,50分00秒,pile,06:35:00
18,07:25:00,"(A,V17,T,10)",F1,3,waiting_2,V11,F5,F,QUEUING,110.0,0.0,,30分00秒,pile,06:55:00
18,07:25:00,"(A,V17,T,10)",F2,1,charging,V4,F2,F,CHARGING,120.0,35.0,45.75,70分00秒,pile,06:15:00
18,07:25:00,"(A,V17,T,10)",F2,2,waiting_1,V9,F4,F,QUEUING,105.0,0.0,,40分00秒,pile,06:45:00
18,07:25:00,"(A,V17,T,10)",F2,3,waiting_2,V12,F6,F,QUEUING,90.0,0.0,,25分00秒,pile,07:00:00
18,07:25:00,"(A,V17,T,10)",T1,1,charging,V1,T1,T,CHARGING,40.0,14.17,18.25,85分00秒,pile,06:00:00
18,07:25:00,"(A,V17,T,10)",T1,2,waiting_1,V17,T8,T,QUEUING,10.0,0.0,,0分00秒,pile,07:25:00
18,07:25:00,"(A,V17,T,10)",T1,3,waiting_2,,,,EMPTY,,,,,,
18,07:25:00,"(A,V17,T,10)",T2,1,charging,V5,T3,T,CHARGING,20.0,10.0,13.25,60分00秒,pile,06:25:00
18,07:25:00,"(A,V17,T,10)",T2,2,waiting_1,V8,T5,T,QUEUING,20.0,0.0,,45分00秒,pile,06:40:00
18,07:25:00,"(A,V17,T,10)",T2,3,waiting_2,,,,EMPTY,,,,,,
18,07:25:00,"(A,V17,T,10)",T3,1,charging,V6,T4,T,CHARGING,20.0,9.17,12.25,55分00秒,pile,06:30:00
18,07:25:00,"(A,V17,T,10)",T3,2,waiting_1,V10,T6,T,QUEUING,10.0,0.0,,35分00秒,pile,06:50:00
18,07:25:00,"(A,V17,T,10)",T3,3,waiting_2,V15,T7,T,QUEUING,10.0,0.0,,10分00秒,pile,07:15:00
19,07:30:00,"(A,V18,T,7.5)",F1,1,charging,V3,F1,F,CHARGING,100.0,40.0,52.5,80分00秒,pile,06:10:00
19,07:30:00,"(A,V18,T,7.5)",F1,2,waiting_1,V7,F3,F,QUEUING,110.0,0.0,,55分00秒,pile,06:35:00
19,07:30:00,"(A,V18,T,7.5)",F1,3,waiting_2,V11,F5,F,QUEUING,110.0,0.0,,35分00秒,pile,06:55:00
19,07:30:00,"(A,V18,T,7.5)",F2,1,charging,V4,F2,F,CHARGING,120.0,37.5,49.5,75分00秒,pile,06:15:00
19,07:30:00,"(A,V18,T,7.5)",F2,2,waiting_1,V9,F4,F,QUEUING,105.0,0.0,,45分00秒,pile,06:45:00
19,07:30:00,"(A,V18,T,7.5)",F2,3,waiting_2,V12,F6,F,QUEUING,90.0,0.0,,30分00秒,pile,07:00:00
19,07:30:00,"(A,V18,T,7.5)",T1,1,charging,V1,T1,T,CHARGING,40.0,15.0,19.5,90分00秒,pile,06:00:00
19,07:30:00,"(A,V18,T,7.5)",T1,2,waiting_1,V17,T8,T,QUEUING,10.0,0.0,,5分00秒,pile,07:25:00
19,07:30:00,"(A,V18,T,7.5)",T1,3,waiting_2,,,,EMPTY,,,,,,
19,07:30:00,"(A,V18,T,7.5)",T2,1,charging,V5,T3,T,CHARGING,20.0,10.83,14.5,65分00秒,pile,06:25:00
19,07:30:00,"(A,V18,T,7.5)",T2,2,waiting_1,V8,T5,T,QUEUING,20.0,0.0,,50分00秒,pile,06:40:00
19,07:30:00,"(A,V18,T,7.5)",T2,3,waiting_2,V18,T9,T,QUEUING,7.5,0.0,,0分00秒,pile,07:30:00
19,07:30:00,"(A,V18,T,7.5)",T3,1,charging,V6,T4,T,CHARGING,20.0,10.0,13.5,60分00秒,pile,06:30:00
19,07:30:00,"(A,V18,T,7.5)",T3,2,waiting_1,V10,T6,T,QUEUING,10.0,0.0,,40分00秒,pile,06:50:00
19,07:30:00,"(A,V18,T,7.5)",T3,3,waiting_2,V15,T7,T,QUEUING,10.0,0.0,,15分00秒,pile,07:15:00
20,07:35:00,"(A,V19,F,75)",F1,1,charging,V3,F1,F,CHARGING,100.0,42.5,56.25,85分00秒,pile,06:10:00
20,07:35:00,"(A,V19,F,75)",F1,2,waiting_1,V7,F3,F,QUEUING,110.0,0.0,,60分00秒,pile,06:35:00
20,07:35:00,"(A,V19,F,75)",F1,3,waiting_2,V11,F5,F,QUEUING,110.0,0.0,,40分00秒,pile,06:55:00
20,07:35:00,"(A,V19,F,75)",F2,1,charging,V4,F2,F,CHARGING,120.0,40.0,53.25,80分00秒,pile,06:15:00
20,07:35:00,"(A,V19,F,75)",F2,2,waiting_1,V9,F4,F,QUEUING,105.0,0.0,,50分00秒,pile,06:45:00
20,07:35:00,"(A,V19,F,75)",F2,3,waiting_2,V12,F6,F,QUEUING,90.0,0.0,,35分00秒,pile,07:00:00
20,07:35:00,"(A,V19,F,75)",T1,1,charging,V1,T1,T,CHARGING,40.0,15.83,20.75,95分00秒,pile,06:00:00
20,07:35:00,"(A,V19,F,75)",T1,2,waiting_1,V17,T8,T,QUEUING,10.0,0.0,,10分00秒,pile,07:25:00
20,07:35:00,"(A,V19,F,75)",T1,3,waiting_2,,,,EMPTY,,,,,,
20,07:35:00,"(A,V19,F,75)",T2,1,charging,V5,T3,T,CHARGING,20.0,11.67,15.75,70分00秒,pile,06:25:00
20,07:35:00,"(A,V19,F,75)",T2,2,waiting_1,V8,T5,T,QUEUING,20.0,0.0,,55分00秒,pile,06:40:00
20,07:35:00,"(A,V19,F,75)",T2,3,waiting_2,V18,T9,T,QUEUING,7.5,0.0,,5分00秒,pile,07:30:00
20,07:35:00,"(A,V19,F,75)",T3,1,charging,V6,T4,T,CHARGING,20.0,10.83,14.75,65分00秒,pile,06:30:00
20,07:35:00,"(A,V19,F,75)",T3,2,waiting_1,V10,T6,T,QUEUING,10.0,0.0,,45分00秒,pile,06:50:00
20,07:35:00,"(A,V19,F,75)",T3,3,waiting_2,V15,T7,T,QUEUING,10.0,0.0,,20分00秒,pile,07:15:00
21,07:40:00,"(A,V20,F,95)",F1,1,charging,V3,F1,F,CHARGING,100.0,45.0,60.0,90分00秒,pile,06:10:00
21,07:40:00,"(A,V20,F,95)",F1,2,waiting_1,V7,F3,F,QUEUING,110.0,0.0,,65分00秒,pile,06:35:00
21,07:40:00,"(A,V20,F,95)",F1,3,waiting_2,V11,F5,F,QUEUING,110.0,0.0,,45分00秒,pile,06:55:00
21,07:40:00,"(A,V20,F,95)",F2,1,charging,V4,F2,F,CHARGING,120.0,42.5,57.0,85分00秒,pile,06:15:00
21,07:40:00,"(A,V20,F,95)",F2,2,waiting_1,V9,F4,F,QUEUING,105.0,0.0,,55分00秒,pile,06:45:00
21,07:40:00,"(A,V20,F,95)",F2,3,waiting_2,V12,F6,F,QUEUING,90.0,0.0,,40分00秒,pile,07:00:00
21,07:40:00,"(A,V20,F,95)",T1,1,charging,V1,T1,T,CHARGING,40.0,16.67,22.0,100分00秒,pile,06:00:00
21,07:40:00,"(A,V20,F,95)",T1,2,waiting_1,V17,T8,T,QUEUING,10.0,0.0,,15分00秒,pile,07:25:00
21,07:40:00,"(A,V20,F,95)",T1,3,waiting_2,,,,EMPTY,,,,,,
21,07:40:00,"(A,V20,F,95)",T2,1,charging,V5,T3,T,CHARGING,20.0,12.5,17.0,75分00秒,pile,06:25:00
21,07:40:00,"(A,V20,F,95)",T2,2,waiting_1,V8,T5,T,QUEUING,20.0,0.0,,60分00秒,pile,06:40:00
21,07:40:00,"(A,V20,F,95)",T2,3,waiting_2,V18,T9,T,QUEUING,7.5,0.0,,10分00秒,pile,07:30:00
21,07:40:00,"(A,V20,F,95)",T3,1,charging,V6,T4,T,CHARGING,20.0,11.67,16.0,70分00秒,pile,06:30:00
21,07:40:00,"(A,V20,F,95)",T3,2,waiting_1,V10,T6,T,QUEUING,10.0,0.0,,50分00秒,pile,06:50:00
21,07:40:00,"(A,V20,F,95)",T3,3,waiting_2,V15,T7,T,QUEUING,10.0,0.0,,25分00秒,pile,07:15:00
22,07:45:00,"(A,V21,F,95)",F1,1,charging,V3,F1,F,CHARGING,100.0,47.5,63.75,95分00秒,pile,06:10:00
22,07:45:00,"(A,V21,F,95)",F1,2,waiting_1,V7,F3,F,QUEUING,110.0,0.0,,70分00秒,pile,06:35:00
22,07:45:00,"(A,V21,F,95)",F1,3,waiting_2,V11,F5,F,QUEUING,110.0,0.0,,50分00秒,pile,06:55:00
22,07:45:00,"(A,V21,F,95)",F2,1,charging,V4,F2,F,CHARGING,120.0,45.0,60.75,90分00秒,pile,06:15:00
22,07:45:00,"(A,V21,F,95)",F2,2,waiting_1,V9,F4,F,QUEUING,105.0,0.0,,60分00秒,pile,06:45:00
22,07:45:00,"(A,V21,F,95)",F2,3,waiting_2,V12,F6,F,QUEUING,90.0,0.0,,45分00秒,pile,07:00:00
22,07:45:00,"(A,V21,F,95)",T1,1,charging,V1,T1,T,CHARGING,40.0,17.5,23.25,105分00秒,pile,06:00:00
22,07:45:00,"(A,V21,F,95)",T1,2,waiting_1,V17,T8,T,QUEUING,10.0,0.0,,20分00秒,pile,07:25:00
22,07:45:00,"(A,V21,F,95)",T1,3,waiting_2,,,,EMPTY,,,,,,
22,07:45:00,"(A,V21,F,95)",T2,1,charging,V5,T3,T,CHARGING,20.0,13.33,18.25,80分00秒,pile,06:25:00
22,07:45:00,"(A,V21,F,95)",T2,2,waiting_1,V8,T5,T,QUEUING,20.0,0.0,,65分00秒,pile,06:40:00
22,07:45:00,"(A,V21,F,95)",T2,3,waiting_2,V18,T9,T,QUEUING,7.5,0.0,,15分00秒,pile,07:30:00
22,07:45:00,"(A,V21,F,95)",T3,1,charging,V6,T4,T,CHARGING,20.0,12.5,17.25,75分00秒,pile,06:30:00
22,07:45:00,"(A,V21,F,95)",T3,2,waiting_1,V10,T6,T,QUEUING,10.0,0.0,,55分00秒,pile,06:50:00
22,07:45:00,"(A,V21,F,95)",T3,3,waiting_2,V15,T7,T,QUEUING,10.0,0.0,,30分00秒,pile,07:15:00
23,07:50:00,"(A,V22,F,70)",F1,1,charging,V3,F1,F,CHARGING,100.0,50.0,67.5,100分00秒,pile,06:10:00
23,07:50:00,"(A,V22,F,70)",F1,2,waiting_1,V7,F3,F,QUEUING,110.0,0.0,,75分00秒,pile,06:35:00
23,07:50:00,"(A,V22,F,70)",F1,3,waiting_2,V11,F5,F,QUEUING,110.0,0.0,,55分00秒,pile,06:55:00
23,07:50:00,"(A,V22,F,70)",F2,1,charging,V4,F2,F,CHARGING,120.0,47.5,64.5,95分00秒,pile,06:15:00
23,07:50:00,"(A,V22,F,70)",F2,2,waiting_1,V9,F4,F,QUEUING,105.0,0.0,,65分00秒,pile,06:45:00
23,07:50:00,"(A,V22,F,70)",F2,3,waiting_2,V12,F6,F,QUEUING,90.0,0.0,,50分00秒,pile,07:00:00
23,07:50:00,"(A,V22,F,70)",T1,1,charging,V1,T1,T,CHARGING,40.0,18.33,24.5,110分00秒,pile,06:00:00
23,07:50:00,"(A,V22,F,70)",T1,2,waiting_1,V17,T8,T,QUEUING,10.0,0.0,,25分00秒,pile,07:25:00
23,07:50:00,"(A,V22,F,70)",T1,3,waiting_2,,,,EMPTY,,,,,,
23,07:50:00,"(A,V22,F,70)",T2,1,charging,V5,T3,T,CHARGING,20.0,14.17,19.5,85分00秒,pile,06:25:00
23,07:50:00,"(A,V22,F,70)",T2,2,waiting_1,V8,T5,T,QUEUING,20.0,0.0,,70分00秒,pile,06:40:00
23,07:50:00,"(A,V22,F,70)",T2,3,waiting_2,V18,T9,T,QUEUING,7.5,0.0,,20分00秒,pile,07:30:00
23,07:50:00,"(A,V22,F,70)",T3,1,charging,V6,T4,T,CHARGING,20.0,13.33,18.5,80分00秒,pile,06:30:00
23,07:50:00,"(A,V22,F,70)",T3,2,waiting_1,V10,T6,T,QUEUING,10.0,0.0,,60分00秒,pile,06:50:00
23,07:50:00,"(A,V22,F,70)",T3,3,waiting_2,V15,T7,T,QUEUING,10.0,0.0,,35分00秒,pile,07:15:00
24,07:55:00,"(A,V23,F,80)",F1,1,charging,V3,F1,F,CHARGING,100.0,52.5,71.25,105分00秒,pile,06:10:00
24,07:55:00,"(A,V23,F,80)",F1,2,waiting_1,V7,F3,F,QUEUING,110.0,0.0,,80分00秒,pile,06:35:00
24,07:55:00,"(A,V23,F,80)",F1,3,waiting_2,V11,F5,F,QUEUING,110.0,0.0,,60分00秒,pile,06:55:00
24,07:55:00,"(A,V23,F,80)",F2,1,charging,V4,F2,F,CHARGING,120.0,50.0,68.25,100分00秒,pile,06:15:00
24,07:55:00,"(A,V23,F,80)",F2,2,waiting_1,V9,F4,F,QUEUING,105.0,0.0,,70分00秒,pile,06:45:00
24,07:55:00,"(A,V23,F,80)",F2,3,waiting_2,V12,F6,F,QUEUING,90.0,0.0,,55分00秒,pile,07:00:00
24,07:55:00,"(A,V23,F,80)",T1,1,charging,V1,T1,T,CHARGING,40.0,19.17,25.75,115分00秒,pile,06:00:00
24,07:55:00,"(A,V23,F,80)",T1,2,waiting_1,V17,T8,T,QUEUING,10.0,0.0,,30分00秒,pile,07:25:00
24,07:55:00,"(A,V23,F,80)",T1,3,waiting_2,,,,EMPTY,,,,,,
24,07:55:00,"(A,V23,F,80)",T2,1,charging,V5,T3,T,CHARGING,20.0,15.0,20.75,90分00秒,pile,06:25:00
24,07:55:00,"(A,V23,F,80)",T2,2,waiting_1,V8,T5,T,QUEUING,20.0,0.0,,75分00秒,pile,06:40:00
24,07:55:00,"(A,V23,F,80)",T2,3,waiting_2,V18,T9,T,QUEUING,7.5,0.0,,25分00秒,pile,07:30:00
24,07:55:00,"(A,V23,F,80)",T3,1,charging,V6,T4,T,CHARGING,20.0,14.17,19.75,85分00秒,pile,06:30:00
24,07:55:00,"(A,V23,F,80)",T3,2,waiting_1,V10,T6,T,QUEUING,10.0,0.0,,65分00秒,pile,06:50:00
24,07:55:00,"(A,V23,F,80)",T3,3,waiting_2,V15,T7,T,QUEUING,10.0,0.0,,40分00秒,pile,07:15:00
25,08:00:00,"(A,V24,T,5)",F1,1,charging,V3,F1,F,CHARGING,100.0,55.0,75.0,110分00秒,pile,06:10:00
25,08:00:00,"(A,V24,T,5)",F1,2,waiting_1,V7,F3,F,QUEUING,110.0,0.0,,85分00秒,pile,06:35:00
25,08:00:00,"(A,V24,T,5)",F1,3,waiting_2,V11,F5,F,QUEUING,110.0,0.0,,65分00秒,pile,06:55:00
25,08:00:00,"(A,V24,T,5)",F2,1,charging,V4,F2,F,CHARGING,120.0,52.5,72.0,105分00秒,pile,06:15:00
25,08:00:00,"(A,V24,T,5)",F2,2,waiting_1,V9,F4,F,QUEUING,105.0,0.0,,75分00秒,pile,06:45:00
25,08:00:00,"(A,V24,T,5)",F2,3,waiting_2,V12,F6,F,QUEUING,90.0,0.0,,60分00秒,pile,07:00:00
25,08:00:00,"(A,V24,T,5)",T1,1,charging,V1,T1,T,CHARGING,40.0,20.0,27.0,120分00秒,pile,06:00:00
25,08:00:00,"(A,V24,T,5)",T1,2,waiting_1,V17,T8,T,QUEUING,10.0,0.0,,35分00秒,pile,07:25:00
25,08:00:00,"(A,V24,T,5)",T1,3,waiting_2,,,,EMPTY,,,,,,
25,08:00:00,"(A,V24,T,5)",T2,1,charging,V5,T3,T,CHARGING,20.0,15.83,22.0,95分00秒,pile,06:25:00
25,08:00:00,"(A,V24,T,5)",T2,2,waiting_1,V8,T5,T,QUEUING,20.0,0.0,,80分00秒,pile,06:40:00
25,08:00:00,"(A,V24,T,5)",T2,3,waiting_2,V18,T9,T,QUEUING,7.5,0.0,,30分00秒,pile,07:30:00
25,08:00:00,"(A,V24,T,5)",T3,1,charging,V6,T4,T,CHARGING,20.0,15.0,21.0,90分00秒,pile,06:30:00
25,08:00:00,"(A,V24,T,5)",T3,2,waiting_1,V10,T6,T,QUEUING,10.0,0.0,,70分00秒,pile,06:50:00
25,08:00:00,"(A,V24,T,5)",T3,3,waiting_2,V15,T7,T,QUEUING,10.0,0.0,,45分00秒,pile,07:15:00
26,08:20:00,"(A,V25,T,15)",F1,1,charging,V3,F1,F,CHARGING,100.0,65.0,90.0,130分00秒,pile,06:10:00
26,08:20:00,"(A,V25,T,15)",F1,2,waiting_1,V7,F3,F,QUEUING,110.0,0.0,,105分00秒,pile,06:35:00
26,08:20:00,"(A,V25,T,15)",F1,3,waiting_2,V11,F5,F,QUEUING,110.0,0.0,,85分00秒,pile,06:55:00
26,08:20:00,"(A,V25,T,15)",F2,1,charging,V4,F2,F,CHARGING,120.0,62.5,87.0,125分00秒,pile,06:15:00
26,08:20:00,"(A,V25,T,15)",F2,2,waiting_1,V9,F4,F,QUEUING,105.0,0.0,,95分00秒,pile,06:45:00
26,08:20:00,"(A,V25,T,15)",F2,3,waiting_2,V12,F6,F,QUEUING,90.0,0.0,,80分00秒,pile,07:00:00
26,08:20:00,"(A,V25,T,15)",T1,1,charging,V1,T1,T,CHARGING,40.0,23.33,32.0,140分00秒,pile,06:00:00
26,08:20:00,"(A,V25,T,15)",T1,2,waiting_1,V17,T8,T,QUEUING,10.0,0.0,,55分00秒,pile,07:25:00
26,08:20:00,"(A,V25,T,15)",T1,3,waiting_2,,,,EMPTY,,,,,,
26,08:20:00,"(A,V25,T,15)",T2,1,charging,V5,T3,T,CHARGING,20.0,19.17,27.0,115分00秒,pile,06:25:00
26,08:20:00,"(A,V25,T,15)",T2,2,waiting_1,V8,T5,T,QUEUING,20.0,0.0,,100分00秒,pile,06:40:00
26,08:20:00,"(A,V25,T,15)",T2,3,waiting_2,V18,T9,T,QUEUING,7.5,0.0,,50分00秒,pile,07:30:00
26,08:20:00,"(A,V25,T,15)",T3,1,charging,V6,T4,T,CHARGING,20.0,18.33,26.0,110分00秒,pile,06:30:00
26,08:20:00,"(A,V25,T,15)",T3,2,waiting_1,V10,T6,T,QUEUING,10.0,0.0,,90分00秒,pile,06:50:00
26,08:20:00,"(A,V25,T,15)",T3,3,waiting_2,V15,T7,T,QUEUING,10.0,0.0,,65分00秒,pile,07:15:00
27,08:25:00,"(B,T1,O,0)",F1,1,charging,V3,F1,F,CHARGING,100.0,67.5,93.75,135分00秒,pile,06:10:00
27,08:25:00,"(B,T1,O,0)",F1,2,waiting_1,V7,F3,F,QUEUING,110.0,0.0,,110分00秒,pile,06:35:00
27,08:25:00,"(B,T1,O,0)",F1,3,waiting_2,V11,F5,F,QUEUING,110.0,0.0,,90分00秒,pile,06:55:00
27,08:25:00,"(B,T1,O,0)",F2,1,charging,V4,F2,F,CHARGING,120.0,65.0,90.75,130分00秒,pile,06:15:00
27,08:25:00,"(B,T1,O,0)",F2,2,waiting_1,V9,F4,F,QUEUING,105.0,0.0,,100分00秒,pile,06:45:00
27,08:25:00,"(B,T1,O,0)",F2,3,waiting_2,V12,F6,F,QUEUING,90.0,0.0,,85分00秒,pile,07:00:00
27,08:25:00,"(B,T1,O,0)",T1,1,charging,,,,EMPTY,,,,,,
27,08:25:00,"(B,T1,O,0)",T1,2,waiting_1,,,,EMPTY,,,,,,
27,08:25:00,"(B,T1,O,0)",T1,3,waiting_2,,,,EMPTY,,,,,,
27,08:25:00,"(B,T1,O,0)",T2,1,charging,V8,T5,T,CHARGING,20.0,0.0,0.0,105分00秒,pile,06:40:00
27,08:25:00,"(B,T1,O,0)",T2,2,waiting_1,V18,T9,T,QUEUING,7.5,0.0,,55分00秒,pile,07:30:00
27,08:25:00,"(B,T1,O,0)",T2,3,waiting_2,,,,EMPTY,,,,,,
27,08:25:00,"(B,T1,O,0)",T3,1,charging,V6,T4,T,CHARGING,20.0,19.17,27.25,115分00秒,pile,06:30:00
27,08:25:00,"(B,T1,O,0)",T3,2,waiting_1,V10,T6,T,QUEUING,10.0,0.0,,95分00秒,pile,06:50:00
27,08:25:00,"(B,T1,O,0)",T3,3,waiting_2,V15,T7,T,QUEUING,10.0,0.0,,70分00秒,pile,07:15:00
28,08:30:00,"(A,V26,T,20)",F1,1,charging,V3,F1,F,CHARGING,100.0,70.0,97.5,140分00秒,pile,06:10:00
28,08:30:00,"(A,V26,T,20)",F1,2,waiting_1,V7,F3,F,QUEUING,110.0,0.0,,115分00秒,pile,06:35:00
28,08:30:00,"(A,V26,T,20)",F1,3,waiting_2,V11,F5,F,QUEUING,110.0,0.0,,95分00秒,pile,06:55:00
28,08:30:00,"(A,V26,T,20)",F2,1,charging,V4,F2,F,CHARGING,120.0,67.5,94.5,135分00秒,pile,06:15:00
28,08:30:00,"(A,V26,T,20)",F2,2,waiting_1,V9,F4,F,QUEUING,105.0,0.0,,105分00秒,pile,06:45:00
28,08:30:00,"(A,V26,T,20)",F2,3,waiting_2,V12,F6,F,QUEUING,90.0,0.0,,90分00秒,pile,07:00:00
28,08:30:00,"(A,V26,T,20)",T1,1,charging,,,,EMPTY,,,,,,
28,08:30:00,"(A,V26,T,20)",T1,2,waiting_1,,,,EMPTY,,,,,,
28,08:30:00,"(A,V26,T,20)",T1,3,waiting_2,,,,EMPTY,,,,,,
28,08:30:00,"(A,V26,T,20)",T2,1,charging,V8,T5,T,CHARGING,20.0,0.83,1.25,110分00秒,pile,06:40:00
28,08:30:00,"(A,V26,T,20)",T2,2,waiting_1,V18,T9,T,QUEUING,7.5,0.0,,60分00秒,pile,07:30:00
28,08:30:00,"(A,V26,T,20)",T2,3,waiting_2,V17,T8,T,QUEUING,10.0,0.0,,65分00秒,pile,07:25:00
28,08:30:00,"(A,V26,T,20)",T3,1,charging,V10,T6,T,CHARGING,10.0,0.0,0.0,100分00秒,pile,06:50:00
28,08:30:00,"(A,V26,T,20)",T3,2,waiting_1,V15,T7,T,QUEUING,10.0,0.0,,75分00秒,pile,07:15:00
28,08:30:00,"(A,V26,T,20)",T3,3,waiting_2,V1,T1,T,QUEUING,15.83,0.0,,150分00秒,pile,06:00:00
29,08:35:00,"(A,V27,T,25)",F1,1,charging,V3,F1,F,CHARGING,100.0,72.5,101.25,145分00秒,pile,06:10:00
29,08:35:00,"(A,V27,T,25)",F1,2,waiting_1,V7,F3,F,QUEUING,110.0,0.0,,120分00秒,pile,06:35:00
29,08:35:00,"(A,V27,T,25)",F1,3,waiting_2,V11,F5,F,QUEUING,110.0,0.0,,100分00秒,pile,06:55:00
29,08:35:00,"(A,V27,T,25)",F2,1,charging,V4,F2,F,CHARGING,120.0,70.0,98.25,140分00秒,pile,06:15:00
29,08:35:00,"(A,V27,T,25)",F2,2,waiting_1,V9,F4,F,QUEUING,105.0,0.0,,110分00秒,pile,06:45:00
29,08:35:00,"(A,V27,T,25)",F2,3,waiting_2,V12,F6,F,QUEUING,90.0,0.0,,95分00秒,pile,07:00:00
29,08:35:00,"(A,V27,T,25)",T1,1,charging,,,,EMPTY,,,,,,
29,08:35:00,"(A,V27,T,25)",T1,2,waiting_1,,,,EMPTY,,,,,,
29,08:35:00,"(A,V27,T,25)",T1,3,waiting_2,,,,EMPTY,,,,,,
29,08:35:00,"(A,V27,T,25)",T2,1,charging,V8,T5,T,CHARGING,20.0,1.67,2.5,115分00秒,pile,06:40:00
29,08:35:00,"(A,V27,T,25)",T2,2,waiting_1,V18,T9,T,QUEUING,7.5,0.0,,65分00秒,pile,07:30:00
29,08:35:00,"(A,V27,T,25)",T2,3,waiting_2,V17,T8,T,QUEUING,10.0,0.0,,70分00秒,pile,07:25:00
29,08:35:00,"(A,V27,T,25)",T3,1,charging,V10,T6,T,CHARGING,10.0,0.83,1.25,105分00秒,pile,06:50:00
29,08:35:00,"(A,V27,T,25)",T3,2,waiting_1,V15,T7,T,QUEUING,10.0,0.0,,80分00秒,pile,07:15:00
29,08:35:00,"(A,V27,T,25)",T3,3,waiting_2,V1,T1,T,QUEUING,15.83,0.0,,155分00秒,pile,06:00:00
30,08:50:00,"(B,F1,O,0)",F1,1,charging,,,,EMPTY,,,,,,
30,08:50:00,"(B,F1,O,0)",F1,2,waiting_1,,,,EMPTY,,,,,,
30,08:50:00,"(B,F1,O,0)",F1,3,waiting_2,,,,EMPTY,,,,,,
30,08:50:00,"(B,F1,O,0)",F2,1,charging,V4,F2,F,CHARGING,120.0,77.5,109.5,155分00秒,pile,06:15:00
30,08:50:00,"(B,F1,O,0)",F2,2,waiting_1,V9,F4,F,QUEUING,105.0,0.0,,125分00秒,pile,06:45:00
30,08:50:00,"(B,F1,O,0)",F2,3,waiting_2,V12,F6,F,QUEUING,90.0,0.0,,110分00秒,pile,07:00:00
30,08:50:00,"(B,F1,O,0)",T1,1,charging,,,,EMPTY,,,,,,
30,08:50:00,"(B,F1,O,0)",T1,2,waiting_1,,,,EMPTY,,,,,,
30,08:50:00,"(B,F1,O,0)",T1,3,waiting_2,,,,EMPTY,,,,,,
30,08:50:00,"(B,F1,O,0)",T2,1,charging,V8,T5,T,CHARGING,20.0,4.17,6.25,130分00秒,pile,06:40:00
30,08:50:00,"(B,F1,O,0)",T2,2,waiting_1,V18,T9,T,QUEUING,7.5,0.0,,80分00秒,pile,07:30:00
30,08:50:00,"(B,F1,O,0)",T2,3,waiting_2,V17,T8,T,QUEUING,10.0,0.0,,85分00秒,pile,07:25:00
30,08:50:00,"(B,F1,O,0)",T3,1,charging,V10,T6,T,CHARGING,10.0,3.33,5.0,120分00秒,pile,06:50:00
30,08:50:00,"(B,F1,O,0)",T3,2,waiting_1,V15,T7,T,QUEUING,10.0,0.0,,95分00秒,pile,07:15:00
30,08:50:00,"(B,F1,O,0)",T3,3,waiting_2,V1,T1,T,QUEUING,15.83,0.0,,170分00秒,pile,06:00:00
31,09:00:00,"(A,V28,F,30)",F1,1,charging,,,,EMPTY,,,,,,
31,09:00:00,"(A,V28,F,30)",F1,2,waiting_1,,,,EMPTY,,,,,,
31,09:00:00,"(A,V28,F,30)",F1,3,waiting_2,,,,EMPTY,,,,,,
31,09:00:00,"(A,V28,F,30)",F2,1,charging,V4,F2,F,CHARGING,120.0,82.5,117.0,165分00秒,pile,06:15:00
31,09:00:00,"(A,V28,F,30)",F2,2,waiting_1,V9,F4,F,QUEUING,105.0,0.0,,135分00秒,pile,06:45:00
31,09:00:00,"(A,V28,F,30)",F2,3,waiting_2,V12,F6,F,QUEUING,90.0,0.0,,120分00秒,pile,07:00:00
31,09:00:00,"(A,V28,F,30)",T1,1,charging,,,,EMPTY,,,,,,
31,09:00:00,"(A,V28,F,30)",T1,2,waiting_1,,,,EMPTY,,,,,,
31,09:00:00,"(A,V28,F,30)",T1,3,waiting_2,,,,EMPTY,,,,,,
31,09:00:00,"(A,V28,F,30)",T2,1,charging,V8,T5,T,CHARGING,20.0,5.83,8.75,140分00秒,pile,06:40:00
31,09:00:00,"(A,V28,F,30)",T2,2,waiting_1,V18,T9,T,QUEUING,7.5,0.0,,90分00秒,pile,07:30:00
31,09:00:00,"(A,V28,F,30)",T2,3,waiting_2,V17,T8,T,QUEUING,10.0,0.0,,95分00秒,pile,07:25:00
31,09:00:00,"(A,V28,F,30)",T3,1,charging,V10,T6,T,CHARGING,10.0,5.0,7.5,130分00秒,pile,06:50:00
31,09:00:00,"(A,V28,F,30)",T3,2,waiting_1,V15,T7,T,QUEUING,10.0,0.0,,105分00秒,pile,07:15:00
31,09:00:00,"(A,V28,F,30)",T3,3,waiting_2,V1,T1,T,QUEUING,15.83,0.0,,180分00秒,pile,06:00:00
32,09:10:00,"(A,V1,O,0)",F1,1,charging,,,,EMPTY,,,,,,
32,09:10:00,"(A,V1,O,0)",F1,2,waiting_1,,,,EMPTY,,,,,,
32,09:10:00,"(A,V1,O,0)",F1,3,waiting_2,,,,EMPTY,,,,,,
32,09:10:00,"(A,V1,O,0)",F2,1,charging,V4,F2,F,CHARGING,120.0,87.5,124.5,175分00秒,pile,06:15:00
32,09:10:00,"(A,V1,O,0)",F2,2,waiting_1,V9,F4,F,QUEUING,105.0,0.0,,145分00秒,pile,06:45:00
32,09:10:00,"(A,V1,O,0)",F2,3,waiting_2,V12,F6,F,QUEUING,90.0,0.0,,130分00秒,pile,07:00:00
32,09:10:00,"(A,V1,O,0)",T1,1,charging,,,,EMPTY,,,,,,
32,09:10:00,"(A,V1,O,0)",T1,2,waiting_1,,,,EMPTY,,,,,,
32,09:10:00,"(A,V1,O,0)",T1,3,waiting_2,,,,EMPTY,,,,,,
32,09:10:00,"(A,V1,O,0)",T2,1,charging,V8,T5,T,CHARGING,20.0,7.5,11.25,150分00秒,pile,06:40:00
32,09:10:00,"(A,V1,O,0)",T2,2,waiting_1,V18,T9,T,QUEUING,7.5,0.0,,100分00秒,pile,07:30:00
32,09:10:00,"(A,V1,O,0)",T2,3,waiting_2,V17,T8,T,QUEUING,10.0,0.0,,105分00秒,pile,07:25:00
32,09:10:00,"(A,V1,O,0)",T3,1,charging,V10,T6,T,CHARGING,10.0,6.67,10.0,140分00秒,pile,06:50:00
32,09:10:00,"(A,V1,O,0)",T3,2,waiting_1,V15,T7,T,QUEUING,10.0,0.0,,115分00秒,pile,07:15:00
32,09:10:00,"(A,V1,O,0)",T3,3,waiting_2,,,,EMPTY,,,,,,
33,09:15:00,"(B,T1,O,1)",F1,1,charging,,,,EMPTY,,,,,,
33,09:15:00,"(B,T1,O,1)",F1,2,waiting_1,,,,EMPTY,,,,,,
33,09:15:00,"(B,T1,O,1)",F1,3,waiting_2,,,,EMPTY,,,,,,
33,09:15:00,"(B,T1,O,1)",F2,1,charging,V4,F2,F,CHARGING,120.0,90.0,128.25,180分00秒,pile,06:15:00
33,09:15:00,"(B,T1,O,1)",F2,2,waiting_1,V9,F4,F,QUEUING,105.0,0.0,,150分00秒,pile,06:45:00
33,09:15:00,"(B,T1,O,1)",F2,3,waiting_2,V12,F6,F,QUEUING,90.0,0.0,,135分00秒,pile,07:00:00
33,09:15:00,"(B,T1,O,1)",T1,1,charging,V15,T7,T,CHARGING,10.0,0.0,0.0,120分00秒,pile,07:15:00
33,09:15:00,"(B,T1,O,1)",T1,2,waiting_1,V18,T9,T,QUEUING,7.5,0.0,,105分00秒,pile,07:30:00
33,09:15:00,"(B,T1,O,1)",T1,3,waiting_2,,,,EMPTY,,,,,,
33,09:15:00,"(B,T1,O,1)",T2,1,charging,V8,T5,T,CHARGING,20.0,8.33,12.5,155分00秒,pile,06:40:00
33,09:15:00,"(B,T1,O,1)",T2,2,waiting_1,,,,EMPTY,,,,,,
33,09:15:00,"(B,T1,O,1)",T2,3,waiting_2,,,,EMPTY,,,,,,
33,09:15:00,"(B,T1,O,1)",T3,1,charging,V10,T6,T,CHARGING,10.0,7.5,11.25,145分00秒,pile,06:50:00
33,09:15:00,"(B,T1,O,1)",T3,2,waiting_1,V17,T8,T,QUEUING,10.0,0.0,,110分00秒,pile,07:25:00
33,09:15:00,"(B,T1,O,1)",T3,3,waiting_2,,,,EMPTY,,,,,,
34,09:20:00,"(A,V27,O,0)",F1,1,charging,,,,EMPTY,,,,,,
34,09:20:00,"(A,V27,O,0)",F1,2,waiting_1,,,,EMPTY,,,,,,
34,09:20:00,"(A,V27,O,0)",F1,3,waiting_2,,,,EMPTY,,,,,,
34,09:20:00,"(A,V27,O,0)",F2,1,charging,V4,F2,F,CHARGING,120.0,92.5,132.0,185分00秒,pile,06:15:00
34,09:20:00,"(A,V27,O,0)",F2,2,waiting_1,V9,F4,F,QUEUING,105.0,0.0,,155分00秒,pile,06:45:00
34,09:20:00,"(A,V27,O,0)",F2,3,waiting_2,V12,F6,F,QUEUING,90.0,0.0,,140分00秒,pile,07:00:00
34,09:20:00,"(A,V27,O,0)",T1,1,charging,V15,T7,T,CHARGING,10.0,0.83,1.25,125分00秒,pile,07:15:00
34,09:20:00,"(A,V27,O,0)",T1,2,waiting_1,V18,T9,T,QUEUING,7.5,0.0,,110分00秒,pile,07:30:00
34,09:20:00,"(A,V27,O,0)",T1,3,waiting_2,,,,EMPTY,,,,,,
34,09:20:00,"(A,V27,O,0)",T2,1,charging,V8,T5,T,CHARGING,20.0,9.17,13.75,160分00秒,pile,06:40:00
34,09:20:00,"(A,V27,O,0)",T2,2,waiting_1,,,,EMPTY,,,,,,
34,09:20:00,"(A,V27,O,0)",T2,3,waiting_2,,,,EMPTY,,,,,,
34,09:20:00,"(A,V27,O,0)",T3,1,charging,V10,T6,T,CHARGING,10.0,8.33,12.5,150分00秒,pile,06:50:00
34,09:20:00,"(A,V27,O,0)",T3,2,waiting_1,V17,T8,T,QUEUING,10.0,0.0,,115分00秒,pile,07:25:00
34,09:20:00,"(A,V27,O,0)",T3,3,waiting_2,,,,EMPTY,,,,,,
35,09:25:00,"(C,V21,O,35)",F1,1,charging,,,,EMPTY,,,,,,
35,09:25:00,"(C,V21,O,35)",F1,2,waiting_1,,,,EMPTY,,,,,,
35,09:25:00,"(C,V21,O,35)",F1,3,waiting_2,,,,EMPTY,,,,,,
35,09:25:00,"(C,V21,O,35)",F2,1,charging,V4,F2,F,CHARGING,120.0,95.0,135.75,190分00秒,pile,06:15:00
35,09:25:00,"(C,V21,O,35)",F2,2,waiting_1,V9,F4,F,QUEUING,105.0,0.0,,160分00秒,pile,06:45:00
35,09:25:00,"(C,V21,O,35)",F2,3,waiting_2,V12,F6,F,QUEUING,90.0,0.0,,145分00秒,pile,07:00:00
35,09:25:00,"(C,V21,O,35)",T1,1,charging,V15,T7,T,CHARGING,10.0,1.67,2.5,130分00秒,pile,07:15:00
35,09:25:00,"(C,V21,O,35)",T1,2,waiting_1,V18,T9,T,QUEUING,7.5,0.0,,115分00秒,pile,07:30:00
35,09:25:00,"(C,V21,O,35)",T1,3,waiting_2,,,,EMPTY,,,,,,
35,09:25:00,"(C,V21,O,35)",T2,1,charging,V8,T5,T,CHARGING,20.0,10.0,15.0,165分00秒,pile,06:40:00
35,09:25:00,"(C,V21,O,35)",T2,2,waiting_1,,,,EMPTY,,,,,,
35,09:25:00,"(C,V21,O,35)",T2,3,waiting_2,,,,EMPTY,,,,,,
35,09:25:00,"(C,V21,O,35)",T3,1,charging,V10,T6,T,CHARGING,10.0,9.17,13.75,155分00秒,pile,06:50:00
35,09:25:00,"(C,V21,O,35)",T3,2,waiting_1,V17,T8,T,QUEUING,10.0,0.0,,120分00秒,pile,07:25:00
35,09:25:00,"(C,V21,O,35)",T3,3,waiting_2,,,,EMPTY,,,,,,
36,09:30:00,"(A,V19,O,0)",F1,1,charging,,,,EMPTY,,,,,,
36,09:30:00,"(A,V19,O,0)",F1,2,waiting_1,,,,EMPTY,,,,,,
36,09:30:00,"(A,V19,O,0)",F1,3,waiting_2,,,,EMPTY,,,,,,
36,09:30:00,"(A,V19,O,0)",F2,1,charging,V4,F2,F,CHARGING,120.0,97.5,139.5,195分00秒,pile,06:15:00
36,09:30:00,"(A,V19,O,0)",F2,2,waiting_1,V9,F4,F,QUEUING,105.0,0.0,,165分00秒,pile,06:45:00
36,09:30:00,"(A,V19,O,0)",F2,3,waiting_2,V12,F6,F,QUEUING,90.0,0.0,,150分00秒,pile,07:00:00
36,09:30:00,"(A,V19,O,0)",T1,1,charging,V15,T7,T,CHARGING,10.0,2.5,3.75,135分00秒,pile,07:15:00
36,09:30:00,"(A,V19,O,0)",T1,2,waiting_1,V18,T9,T,QUEUING,7.5,0.0,,120分00秒,pile,07:30:00
36,09:30:00,"(A,V19,O,0)",T1,3,waiting_2,,,,EMPTY,,,,,,
36,09:30:00,"(A,V19,O,0)",T2,1,charging,V8,T5,T,CHARGING,20.0,10.83,16.25,170分00秒,pile,06:40:00
36,09:30:00,"(A,V19,O,0)",T2,2,waiting_1,,,,EMPTY,,,,,,
36,09:30:00,"(A,V19,O,0)",T2,3,waiting_2,,,,EMPTY,,,,,,
36,09:30:00,"(A,V19,O,0)",T3,1,charging,V17,T8,T,CHARGING,10.0,0.0,0.0,125分00秒,pile,07:25:00
36,09:30:00,"(A,V19,O,0)",T3,2,waiting_1,,,,EMPTY,,,,,,
36,09:30:00,"(A,V19,O,0)",T3,3,waiting_2,,,,EMPTY,,,,,,
37,09:35:00,"(A,V28,O,0)",F1,1,charging,,,,EMPTY,,,,,,
37,09:35:00,"(A,V28,O,0)",F1,2,waiting_1,,,,EMPTY,,,,,,
37,09:35:00,"(A,V28,O,0)",F1,3,waiting_2,,,,EMPTY,,,,,,
37,09:35:00,"(A,V28,O,0)",F2,1,charging,V4,F2,F,CHARGING,120.0,100.0,143.25,200分00秒,pile,06:15:00
37,09:35:00,"(A,V28,O,0)",F2,2,waiting_1,V9,F4,F,QUEUING,105.0,0.0,,170分00秒,pile,06:45:00
37,09:35:00,"(A,V28,O,0)",F2,3,waiting_2,V12,F6,F,QUEUING,90.0,0.0,,155分00秒,pile,07:00:00
37,09:35:00,"(A,V28,O,0)",T1,1,charging,V15,T7,T,CHARGING,10.0,3.33,5.0,140分00秒,pile,07:15:00
37,09:35:00,"(A,V28,O,0)",T1,2,waiting_1,V18,T9,T,QUEUING,7.5,0.0,,125分00秒,pile,07:30:00
37,09:35:00,"(A,V28,O,0)",T1,3,waiting_2,,,,EMPTY,,,,,,
37,09:35:00,"(A,V28,O,0)",T2,1,charging,V8,T5,T,CHARGING,20.0,11.67,17.5,175分00秒,pile,06:40:00
37,09:35:00,"(A,V28,O,0)",T2,2,waiting_1,,,,EMPTY,,,,,,
37,09:35:00,"(A,V28,O,0)",T2,3,waiting_2,,,,EMPTY,,,,,,
37,09:35:00,"(A,V28,O,0)",T3,1,charging,V17,T8,T,CHARGING,10.0,0.83,1.25,130分00秒,pile,07:25:00
37,09:35:00,"(A,V28,O,0)",T3,2,waiting_1,,,,EMPTY,,,,,,
37,09:35:00,"(A,V28,O,0)",T3,3,waiting_2,,,,EMPTY,,,,,,
38,09:40:00,"(C,V23,O,40)",F1,1,charging,,,,EMPTY,,,,,,
38,09:40:00,"(C,V23,O,40)",F1,2,waiting_1,,,,EMPTY,,,,,,
38,09:40:00,"(C,V23,O,40)",F1,3,waiting_2,,,,EMPTY,,,,,,
38,09:40:00,"(C,V23,O,40)",F2,1,charging,V4,F2,F,CHARGING,120.0,102.5,147.0,205分00秒,pile,06:15:00
38,09:40:00,"(C,V23,O,40)",F2,2,waiting_1,V9,F4,F,QUEUING,105.0,0.0,,175分00秒,pile,06:45:00
38,09:40:00,"(C,V23,O,40)",F2,3,waiting_2,V12,F6,F,QUEUING,90.0,0.0,,160分00秒,pile,07:00:00
38,09:40:00,"(C,V23,O,40)",T1,1,charging,V15,T7,T,CHARGING,10.0,4.17,6.25,145分00秒,pile,07:15:00
38,09:40:00,"(C,V23,O,40)",T1,2,waiting_1,V18,T9,T,QUEUING,7.5,0.0,,130分00秒,pile,07:30:00
38,09:40:00,"(C,V23,O,40)",T1,3,waiting_2,,,,EMPTY,,,,,,
38,09:40:00,"(C,V23,O,40)",T2,1,charging,V8,T5,T,CHARGING,20.0,12.5,18.75,180分00秒,pile,06:40:00
38,09:40:00,"(C,V23,O,40)",T2,2,waiting_1,,,,EMPTY,,,,,,
38,09:40:00,"(C,V23,O,40)",T2,3,waiting_2,,,,EMPTY,,,,,,
38,09:40:00,"(C,V23,O,40)",T3,1,charging,V17,T8,T,CHARGING,10.0,1.67,2.5,135分00秒,pile,07:25:00
38,09:40:00,"(C,V23,O,40)",T3,2,waiting_1,,,,EMPTY,,,,,,
38,09:40:00,"(C,V23,O,40)",T3,3,waiting_2,,,,EMPTY,,,,,,
39,09:50:00,"(A,V29,T,30)",F1,1,charging,,,,EMPTY,,,,,,
39,09:50:00,"(A,V29,T,30)",F1,2,waiting_1,,,,EMPTY,,,,,,
39,09:50:00,"(A,V29,T,30)",F1,3,waiting_2,,,,EMPTY,,,,,,
39,09:50:00,"(A,V29,T,30)",F2,1,charging,V4,F2,F,CHARGING,120.0,107.5,154.5,215分00秒,pile,06:15:00
39,09:50:00,"(A,V29,T,30)",F2,2,waiting_1,V9,F4,F,QUEUING,105.0,0.0,,185分00秒,pile,06:45:00
39,09:50:00,"(A,V29,T,30)",F2,3,waiting_2,V12,F6,F,QUEUING,90.0,0.0,,170分00秒,pile,07:00:00
39,09:50:00,"(A,V29,T,30)",T1,1,charging,V15,T7,T,CHARGING,10.0,5.83,8.75,155分00秒,pile,07:15:00
39,09:50:00,"(A,V29,T,30)",T1,2,waiting_1,V18,T9,T,QUEUING,7.5,0.0,,140分00秒,pile,07:30:00
39,09:50:00,"(A,V29,T,30)",T1,3,waiting_2,,,,EMPTY,,,,,,
39,09:50:00,"(A,V29,T,30)",T2,1,charging,V8,T5,T,CHARGING,20.0,14.17,21.25,190分00秒,pile,06:40:00
39,09:50:00,"(A,V29,T,30)",T2,2,waiting_1,,,,EMPTY,,,,,,
39,09:50:00,"(A,V29,T,30)",T2,3,waiting_2,,,,EMPTY,,,,,,
39,09:50:00,"(A,V29,T,30)",T3,1,charging,V17,T8,T,CHARGING,10.0,3.33,5.0,145分00秒,pile,07:25:00
39,09:50:00,"(A,V29,T,30)",T3,2,waiting_1,,,,EMPTY,,,,,,
39,09:50:00,"(A,V29,T,30)",T3,3,waiting_2,,,,EMPTY,,,,,,
40,09:55:00,"(C,V14,O,30)",F1,1,charging,,,,EMPTY,,,,,,
40,09:55:00,"(C,V14,O,30)",F1,2,waiting_1,,,,EMPTY,,,,,,
40,09:55:00,"(C,V14,O,30)",F1,3,waiting_2,,,,EMPTY,,,,,,
40,09:55:00,"(C,V14,O,30)",F2,1,charging,V4,F2,F,CHARGING,120.0,110.0,158.25,220分00秒,pile,06:15:00
40,09:55:00,"(C,V14,O,30)",F2,2,waiting_1,V9,F4,F,QUEUING,105.0,0.0,,190分00秒,pile,06:45:00
40,09:55:00,"(C,V14,O,30)",F2,3,waiting_2,V12,F6,F,QUEUING,90.0,0.0,,175分00秒,pile,07:00:00
40,09:55:00,"(C,V14,O,30)",T1,1,charging,V15,T7,T,CHARGING,10.0,6.67,10.0,160分00秒,pile,07:15:00
40,09:55:00,"(C,V14,O,30)",T1,2,waiting_1,V18,T9,T,QUEUING,7.5,0.0,,145分00秒,pile,07:30:00
40,09:55:00,"(C,V14,O,30)",T1,3,waiting_2,,,,EMPTY,,,,,,
40,09:55:00,"(C,V14,O,30)",T2,1,charging,V8,T5,T,CHARGING,20.0,15.0,22.5,195分00秒,pile,06:40:00
40,09:55:00,"(C,V14,O,30)",T2,2,waiting_1,,,,EMPTY,,,,,,
40,09:55:00,"(C,V14,O,30)",T2,3,waiting_2,,,,EMPTY,,,,,,
40,09:55:00,"(C,V14,O,30)",T3,1,charging,V17,T8,T,CHARGING,10.0,4.17,6.25,150分00秒,pile,07:25:00
40,09:55:00,"(C,V14,O,30)",T3,2,waiting_1,,,,EMPTY,,,,,,
40,09:55:00,"(C,V14,O,30)",T3,3,waiting_2,,,,EMPTY,,,,,,
41,10:00:00,"(A,V30,T,10)",F1,1,charging,,,,EMPTY,,,,,,
41,10:00:00,"(A,V30,T,10)",F1,2,waiting_1,,,,EMPTY,,,,,,
41,10:00:00,"(A,V30,T,10)",F1,3,waiting_2,,,,EMPTY,,,,,,
41,10:00:00,"(A,V30,T,10)",F2,1,charging,V4,F2,F,CHARGING,120.0,112.5,162.0,225分00秒,pile,06:15:00
41,10:00:00,"(A,V30,T,10)",F2,2,waiting_1,V9,F4,F,QUEUING,105.0,0.0,,195分00秒,pile,06:45:00
41,10:00:00,"(A,V30,T,10)",F2,3,waiting_2,V12,F6,F,QUEUING,90.0,0.0,,180分00秒,pile,07:00:00
41,10:00:00,"(A,V30,T,10)",T1,1,charging,V15,T7,T,CHARGING,10.0,7.5,11.25,165分00秒,pile,07:15:00
41,10:00:00,"(A,V30,T,10)",T1,2,waiting_1,V18,T9,T,QUEUING,7.5,0.0,,150分00秒,pile,07:30:00
41,10:00:00,"(A,V30,T,10)",T1,3,waiting_2,,,,EMPTY,,,,,,
41,10:00:00,"(A,V30,T,10)",T2,1,charging,V8,T5,T,CHARGING,20.0,15.83,23.75,200分00秒,pile,06:40:00
41,10:00:00,"(A,V30,T,10)",T2,2,waiting_1,,,,EMPTY,,,,,,
41,10:00:00,"(A,V30,T,10)",T2,3,waiting_2,,,,EMPTY,,,,,,
41,10:00:00,"(A,V30,T,10)",T3,1,charging,V17,T8,T,CHARGING,10.0,5.0,7.5,155分00秒,pile,07:25:00
41,10:00:00,"(A,V30,T,10)",T3,2,waiting_1,,,,EMPTY,,,,,,
41,10:00:00,"(A,V30,T,10)",T3,3,waiting_2,,,,EMPTY,,,,,,
42,10:50:00,"(B,F1,O,1)",F1,1,charging,V3,F1,F,CHARGING,20.0,0.0,0.0,280分00秒,pile,06:10:00
42,10:50:00,"(B,F1,O,1)",F1,2,waiting_1,V12,F6,F,QUEUING,90.0,0.0,,230分00秒,pile,07:00:00
42,10:50:00,"(B,F1,O,1)",F1,3,waiting_2,V11,F5,F,QUEUING,110.0,0.0,,235分00秒,pile,06:55:00
42,10:50:00,"(B,F1,O,1)",F2,1,charging,V9,F4,F,CHARGING,105.0,0.0,0.0,245分00秒,pile,06:45:00
42,10:50:00,"(B,F1,O,1)",F2,2,waiting_1,V7,F3,F,QUEUING,110.0,0.0,,255分00秒,pile,06:35:00
42,10:50:00,"(B,F1,O,1)",F2,3,waiting_2,V13,F7,F,QUEUING,110.0,0.0,,225分00秒,pile,07:05:00
42,10:50:00,"(B,F1,O,1)",T1,1,charging,V18,T9,T,CHARGING,7.5,0.0,0.0,200分00秒,pile,07:30:00
42,10:50:00,"(B,F1,O,1)",T1,2,waiting_1,,,,EMPTY,,,,,,
42,10:50:00,"(B,F1,O,1)",T1,3,waiting_2,,,,EMPTY,,,,,,
42,10:50:00,"(B,F1,O,1)",T2,1,charging,V24,T10,T,CHARGING,5.0,0.0,0.0,170分00秒,pile,08:00:00
42,10:50:00,"(B,F1,O,1)",T2,2,waiting_1,V29,T12,T,QUEUING,30.0,0.0,,60分00秒,pile,09:50:00
42,10:50:00,"(B,F1,O,1)",T2,3,waiting_2,,,,EMPTY,,,,,,
42,10:50:00,"(B,F1,O,1)",T3,1,charging,V25,T11,T,CHARGING,15.0,0.0,0.0,150分00秒,pile,08:20:00
42,10:50:00,"(B,F1,O,1)",T3,2,waiting_1,,,,EMPTY,,,,,,
42,10:50:00,"(B,F1,O,1)",T3,3,waiting_2,,,,EMPTY,,,,,,
